model,Label,Accuracy,F1-score,AUC
cmrclip,Left ventricle dysfunction,0.6766169154228856,0.6700507614213197,0.7353931471578531
cmrclip,Right ventricle dysfunction,0.6716417910447762,0.42105263157894735,0.7828460725607608
cmrclip,Left ventricle dilation,0.7711442786069652,0.6666666666666666,0.8310276679841898
cmrclip,Right ventricle dilation,0.7213930348258707,0.36363636363636365,0.8375661375661376
cmrclip,Left ventricle hypertrophy,0.7810945273631841,0.6140350877192983,0.8806584362139918
cmrclip,LGE,0.6865671641791045,0.5531914893617021,0.705295566502463
cmrclip,Aortic dilation,0.6666666666666666,0.1927710843373494,0.6247723132969034
